COUNTRY_NAME,ISO3_CODE,ISO2_CODE
SINT MAARTEN,SXM,SX
REPUBLIC OF SOUTH SUDAN,SSD,SS
SOLOMON ISLANDS,SLB,SB
TURKEY,TUR,TR
TURKMENISTAN,TKM,TM
TURKS AND CAICOS ISLANDS,TCA,TC
TUVALU,TUV,TV
UGANDA,UGA,UG
UKRAINE,UKR,UA
UNITED ARAB EMIRATES,ARE,AE
UNITED KINGDOM,GBR,GB
UNITED STATES,USA,US
UNITED STATES MINOR OUTLYING ISLANDS,UMI,UM
URUGUAY,URY,UY
UZBEKISTAN,UZB,UZ
VANUATU,VUT,VU
VENEZUELA,VEN,VE
VIET NAM,VNM,VN
BRITISH VIRGIN ISLANDS,VGB,VG
U.S. VIRGIN ISLANDS,VIR,VI
WALLIS AND FUTUNA ISLANDS,WLF,WF
WESTERN SAHARA,ESH,EH
YEMEN,YEM,YE
ZAMBIA,ZMB,ZM
ZIMBABWE,ZWE,ZW
AFGHANISTAN,AFG,AF
ÅLAND ISLANDS,ALA,AX
ALBANIA,ALB,AL
ALGERIA,DZA,DZ
AMERICAN SAMOA,ASM,AS
ANDORRA,AND,AD
ANGOLA,AGO,AO
ANGUILLA,AIA,AI
ANTARCTICA,ATA,AQ
ANTIGUA AND BARBUDA,ATG,AG
ARGENTINA,ARG,AR
ARMENIA,ARM,AM
ARUBA,ABW,AW
AUSTRALIA,AUS,AU
AUSTRIA,AUT,AT
AZERBAIJAN,AZE,AZ
BAHAMAS,BHS,BS
BAHRAIN,BHR,BH
BANGLADESH,BGD,BD
BARBADOS,BRB,BB
BELARUS,BLR,BY
BELGIUM,BEL,BE
BELIZE,BLZ,BZ
BENIN,BEN,BJ
BERMUDA,BMU,BM
BHUTAN,BTN,BT
BOLIVIA,BOL,BO
BOSNIA AND HERZEGOVINA,BIH,BA
BOTSWANA,BWA,BW
BOUVET ISLAND,BVT,BV
BRAZIL,BRA,BR
BRITISH INDIAN OCEAN TERRITORY,IOT,IO
BRUNEI DARUSSALAM,BRN,BN
BULGARIA,BGR,BG
BURKINA FASO,BFA,BF
BURUNDI,BDI,BI
CAMBODIA,KHM,KH
CAMEROON,CMR,CM
CANADA,CAN,CA
CAPE VERDE,CPV,CV
CAYMAN ISLANDS,CYM,KY
CENTRAL AFRICAN REPUBLIC,CAF,CF
CHAD,TCD,TD
CHILE,CHL,CL
CHINA,CHN,CN
CHRISTMAS ISLAND,CXR,CX
COCOS (KEELING) ISLANDS,CCK,CC
COLOMBIA,COL,CO
COMOROS,COM,KM
CONGO,COG,CG
DR CONGO,COD,CD
COOK ISLANDS,COK,CK
COSTA RICA,CRI,CR
CÔTE D'IVOIRE ,CIV,CI
CROATIA,HRV,HR
CUBA,CUB,CU
CYPRUS,CYP,CY
CZECH REPUBLIC,CZE,CZ
DENMARK,DNK,DK
DJIBOUTI,DJI,DJ
DOMINICA,DMA,DM
DOMINICAN REPUBLIC,DOM,DO
ECUADOR,ECU,EC
EGYPT,EGY,EG
EL SALVADOR,SLV,SV
EQUATORIAL GUINEA,GNQ,GQ
ERITREA,ERI,ER
ESTONIA,EST,EE
ETHIOPIA,ETH,ET
FALKLAND ISLANDS (MALVINAS),FLK,FK
FAROE ISLANDS,FRO,FO
FIJI,FJI,FJ
FINLAND,FIN,FI
FRANCE,FRA,FR
FRENCH GUIANA,GUF,GF
FRENCH POLYNESIA,PYF,PF
FRENCH SOUTHERN TERRITORIES,ATF,TF
GABON,GAB,GA
GAMBIA,GMB,GM
GEORGIA,GEO,GE
GERMANY,DEU,DE
GHANA,GHA,GH
GIBRALTAR,GIB,GI
GREECE,GRC,GR
GREENLAND,GRL,GL
GRENADA,GRD,GD
GUADELOUPE,GLP,GP
GUAM,GUM,GU
GUATEMALA,GTM,GT
GUERNSEY,GGY,GG
GUINEA,GIN,GN
GUINEA-BISSAU,GNB,GW
GUYANA,GUY,GY
HAITI,HTI,HT
HEARD ISLAND AND MC DONALD ISLANDS,HMD,HM
VATICAN CITY STATE,VAT,VA
HONDURAS,HND,HN
HONG KONG,HKG,HK
HUNGARY,HUN,HU
ICELAND,ISL,IS
INDIA,IND,IN
INDONESIA,IDN,ID
"IRAN, ISLAMIC REPUBLIC OF",IRN,IR
IRAQ,IRQ,IQ
IRELAND,IRL,IE
ISLE OF MAN,IMN,IM
ISRAEL,ISR,IL
ITALY,ITA,IT
JAMAICA,JAM,JM
JAPAN,JPN,JP
JERSEY,JEY,JE
JORDAN,JOR,JO
KAZAKHSTAN,KAZ,KZ
KENYA,KEN,KE
KIRIBATI,KIR,KI
"KOREA, DEMOCRATIC PEOPLE'S REPUBLIC OF",PRK,KP
"KOREA, REPUBLIC OF",KOR,KR
KUWAIT,KWT,KW
KYRGYZSTAN,KGZ,KG
"LAO, PEOPLE'S DEMOCRATIC REPUBLIC",LAO,LA
LATVIA,LVA,LV
LEBANON,LBN,LB
LESOTHO,LSO,LS
LIBERIA,LBR,LR
LIBYA,LBY,LY
LIECHTENSTEIN,LIE,LI
LITHUANIA,LTU,LT
ROMANIA,ROU,RO
RUSSIAN FEDERATION,RUS,RU
RWANDA,RWA,RW
SAINT BARTHÉLEMY,BLM,BL
SAINT HELENA,SHN,SH
SAINT KITTS AND NEVIS,KNA,KN
SAINT LUCIA,LCA,LC
SAINT MARTIN,MAF,MF
SAINT PIERRE AND MIQUELON,SPM,PM
SAINT VINCENT AND THE GRENADINES,VCT,VC
SAMOA,WSM,WS
SAN MARINO,SMR,SM
SAO TOME AND PRINCIPE,STP,ST
SAUDI ARABIA,SAU,SA
SENEGAL,SEN,SN
SERBIA,SRB,RS
SEYCHELLES,SYC,SC
SIERRA LEONE,SLE,SL
SINGAPORE,SGP,SG
SLOVAKIA,SVK,SK
SLOVENIA,SVN,SI
LUXEMBOURG,LUX,LU
MACAU,MAC,MO
SOMALIA,SOM,SO
SOUTH AFRICA,ZAF,ZA
SOUTH GEORGIA AND THE SOUTH SANDWICH ISLANDS,SGS,GS
SPAIN,ESP,ES
SRI LANKA,LKA,LK
SUDAN,SDN,SD
SURINAME,SUR,SR
SVALBARD AND JAN MAYEN ISLANDS,SJM,SJ
SWAZILAND,SWZ,SZ
SWEDEN,SWE,SE
SWITZERLAND,CHE,CH
SYRIAN ARAB REPUBLIC,SYR,SY
"TAIWAN, PROVINCE OF CHINA",TWN,TW
TAJIKISTAN,TJK,TJ
"TANZANIA, UNITED REPUBLIC OF",TZA,TZ
THAILAND,THA,TH
TIMOR-LESTE,TLS,TL
TOGO,TGO,TG
TOKELAU,TKL,TK
TONGA,TON,TO
TRINIDAD AND TOBAGO,TTO,TT
TUNISIA,TUN,TN
"MACEDONIA, THE FORMER YUGOSLAV REPUBLIC OF",MKD,MK
MADAGASCAR,MDG,MG
MALAWI,MWI,MW
MALAYSIA,MYS,MY
MALDIVES,MDV,MV
MALI,MLI,ML
MALTA,MLT,MT
MARSHALL ISLANDS,MHL,MH
MARTINIQUE,MTQ,MQ
MAURITANIA,MRT,MR
MAURITIUS,MUS,MU
MAYOTTE,MYT,YT
MEXICO,MEX,MX
"MICRONESIA, FEDERATED STATES OF",FSM,FM
"MOLDOVA, REPUBLIC OF",MDA,MD
MONACO,MCO,MC
MONGOLIA,MNG,MN
MONTENEGRO,MNE,ME
MONTSERRAT,MSR,MS
MOROCCO,MAR,MA
MOZAMBIQUE,MOZ,MZ
MYANMAR,MMR,MM
NAMIBIA,NAM,NA
NAURU,NRU,NR
NEPAL,NPL,NP
NETHERLANDS,NLD,NL
NEW CALEDONIA,NCL,NC
NEW ZEALAND,NZL,NZ
NICARAGUA,NIC,NI
NIGER,NER,NE
NIGERIA,NGA,NG
NIUE,NIU,NU
NORFOLK ISLAND,NFK,NF
NORTHERN MARIANA ISLANDS,MNP,MP
NORWAY,NOR,NO
OMAN,OMN,OM
PAKISTAN,PAK,PK
PALAU,PLW,PW
STATE OF PALESTINE,PSE,PS
PANAMA,PAN,PA
PAPUA NEW GUINEA,PNG,PG
PARAGUAY,PRY,PY
PERU,PER,PE
PHILIPPINES,PHL,PH
PITCAIRN,PCN,PN
POLAND,POL,PL
PORTUGAL,PRT,PT
PUERTO RICO,PRI,PR
QATAR,QAT,QA
RÉUNION,REU,RE
"BONAIRE, SINT EUSTATIUS AND SABA",BES,BQ
CURAÇAO,CUW,CW
